Name,Age,Total PR Accepts,Total Releases,Last Updated Interval in Minutes,Language,Closed Issues Ratio
freeCodeCamp/freeCodeCamp,2440,15354,0,28.0,JavaScript,0.99
996icu/996.ICU,887,1020,0,5.0,Rust,
EbookFoundation/free-programming-books,2879,3528,0,4.0,,0.97
jwasham/coding-interview-university,1910,250,0,18.0,,0.87
vuejs/vue,2953,1046,210,59.0,JavaScript,0.97
facebook/react,3019,7772,96,22.0,JavaScript,0.94
kamranahmedse/developer-roadmap,1628,62,4,2.0,,0.87
sindresorhus/awesome,2606,552,0,61.0,Shell,0.93
tensorflow/tensorflow,2122,13159,145,14.0,C++,0.9
public-apis/public-apis,1988,1192,0,28.0,Python,0.99
twbs/bootstrap,3684,7118,72,21.0,JavaScript,0.99
getify/You-Dont-Know-JS,2843,350,0,76.0,,0.91
donnemartin/system-design-primer,1645,188,0,6.0,Python,0.32
CyC2018/CS-Notes,1293,375,0,2.0,Java,0.85
ohmyzsh/ohmyzsh,4384,2490,0,15.0,Shell,0.95
flutter/flutter,2368,21625,0,16.0,Dart,0.84
github/gitignore,3947,1445,0,138.0,,
microsoft/vscode,2187,7388,44,15.0,TypeScript,0.95
trekhleb/javascript-algorithms,1254,206,0,23.0,JavaScript,0.65
torvalds/linux,3647,9,0,28.0,C,
danistefanovic/build-your-own-x,1208,84,0,18.0,,0.71
TheAlgorithms/Python,1870,1585,0,4.0,Python,0.99
airbnb/javascript,3223,765,0,15.0,JavaScript,0.93
Snailclimb/JavaGuide,1210,499,0,10.0,Java,0.92
jackfrued/Python-100-Days,1277,12,0,7.0,Python,0.17
vinta/awesome-python,2620,525,0,27.0,Python,0.98
ytdl-org/youtube-dl,3955,1528,340,10.0,Python,0.84
d3/d3,3989,438,169,40.0,JavaScript,1.0
facebook/react-native,2424,621,162,1.0,JavaScript,0.93
electron/electron,3061,12854,803,6.0,C++,0.93
labuladong/fucking-algorithm,557,202,0,2.0,,0.91
ossu/computer-science,2674,191,0,10.0,,0.98
jlevy/the-art-of-command-line,2293,303,0,130.0,,0.46
facebook/create-react-app,1869,1886,81,24.0,JavaScript,0.87
golang/go,2567,0,0,59.0,Go,0.85
axios/axios,2568,398,26,49.0,JavaScript,0.94
justjavac/free-programming-books-zh_CN,2855,269,3,57.0,,
30-seconds/30-seconds-of-code,1369,749,4,89.0,JavaScript,1.0
nodejs/node,2468,3228,246,15.0,JavaScript,0.91
kubernetes/kubernetes,2641,48935,485,25.0,Go,0.96
denoland/deno,1202,5290,142,56.0,Rust,0.88
microsoft/terminal,1479,2173,54,5.0,C++,0.84
angular/angular,2537,2993,87,14.0,TypeScript,0.92
ant-design/ant-design,2319,7584,421,1.0,TypeScript,0.97
mrdoob/three.js,4177,8812,124,17.0,JavaScript,0.97
microsoft/TypeScript,2630,10981,141,15.0,TypeScript,0.84
puppeteer/puppeteer,1573,1971,69,6.0,TypeScript,0.66
vercel/next.js,1789,7028,1109,43.0,JavaScript,0.9
animate-css/animate.css,3609,274,22,226.0,CSS,0.99
tensorflow/models,2032,2185,17,33.0,Python,0.84
mui-org/material-ui,2568,11484,317,16.0,JavaScript,0.96
goldbergyoni/nodebestpractices,1444,668,0,46.0,JavaScript,0.92
PanJiaChen/vue-element-admin,1595,313,49,124.0,Vue,0.7
iluwatar/java-design-patterns,2577,762,0,89.0,Java,0.66
avelino/awesome-go,2611,2439,0,53.0,Go,0.91
MisterBooo/LeetCodeAnimation,997,63,0,20.0,Java,0.79
laravel/laravel,3735,1330,86,253.0,PHP,
FortAwesome/Font-Awesome,3481,184,43,29.0,JavaScript,0.67
storybookjs/storybook,1990,5815,847,69.0,TypeScript,0.84
nvbn/thefuck,2335,462,16,25.0,Python,0.71
awesome-selfhosted/awesome-selfhosted,2281,1615,0,19.0,JavaScript,0.85
vuejs/awesome-vue,2140,3186,0,126.0,,0.88
moby/moby,3145,16935,97,37.0,Go,0.82
gothinkster/realworld,2011,184,0,3.0,Shell,0.89
angular/angular.js,4253,788,0,121.0,JavaScript,0.96
django/django,3410,6757,0,18.0,Python,
webpack/webpack,3459,3859,342,1.0,JavaScript,0.98
microsoft/PowerToys,851,2639,41,71.0,C#,0.81
rust-lang/rust,4092,35902,89,84.0,Rust,0.82
tonsky/FiraCode,2483,106,26,13.0,Clojure,0.75
hakimel/reveal.js,3736,349,34,15.0,JavaScript,0.71
apple/swift,2137,34156,33,44.0,C++,
spring-projects/spring-boot,3236,41,106,60.0,Java,0.98
yangshun/tech-interview-handbook,1881,144,0,25.0,JavaScript,0.94
bitcoin/bitcoin,3906,10589,35,190.0,C++,0.9
reduxjs/redux,2284,1442,64,228.0,TypeScript,0.98
pallets/flask,4163,1248,14,162.0,Python,0.99
opencv/opencv,3328,9920,54,23.0,C++,0.77
elastic/elasticsearch,4220,41649,55,99.0,Java,0.89
doocs/advanced-java,1058,61,0,124.0,Java,0.97
typicode/json-server,2832,97,10,32.0,JavaScript,0.46
atom/atom,3509,3877,534,369.0,JavaScript,0.96
ryanmcdermott/clean-code-javascript,1738,146,0,15.0,JavaScript,0.68
thedaviddias/Front-End-Checklist,1413,168,1,1.0,,0.98
netdata/netdata,2995,4469,47,22.0,C,0.97
jquery/jquery,4531,516,2,66.0,JavaScript,0.97
practical-tutorials/project-based-learning,1600,162,0,20.0,,0.73
chartjs/Chart.js,3087,2462,81,81.0,JavaScript,0.98
socketio/socket.io,4189,395,40,0.0,JavaScript,0.95
expressjs/express,4447,220,141,115.0,JavaScript,0.97
xingshaocheng/architect-awesome,1241,49,0,85.0,,0.3
gohugoio/hugo,2978,1446,163,1.0,Go,0.89
kdn251/interviews,1657,42,0,170.0,Java,0.39
Genymobile/scrcpy,1377,25,22,61.0,C,0.64
adam-p/markdown-here,3395,20,11,139.0,JavaScript,0.52
shadowsocks/shadowsocks-windows,3149,277,54,425.0,C#,0.99
keras-team/keras,2346,2495,28,21.0,Python,0.96
macrozheng/mall,1243,0,1,45.0,Java,0.95
httpie/httpie,3473,194,36,175.0,Python,0.83
chrislgarry/Apollo-11,2705,296,0,86.0,Assembly,0.84
h5bp/html5-boilerplate,4235,511,32,45.0,JavaScript,0.99
gatsbyjs/gatsby,2292,15291,94,227.0,JavaScript,0.98
josephmisiti/awesome-machine-learning,2602,685,0,65.0,Python,1.0
gin-gonic/gin,2631,728,18,7.0,Go,0.8
nvm-sh/nvm,4154,617,58,450.0,Shell,0.84
redis/redis,4544,2111,23,45.0,C,0.68
ElemeFE/element,1821,3140,136,83.0,Vue,0.9
lodash/lodash,3431,573,2,68.0,JavaScript,0.96
pytorch/pytorch,1842,4598,34,63.0,C++,0.7
huggingface/transformers,1035,4522,65,56.0,Python,0.95
protocolbuffers/protobuf,2560,3165,79,8.0,C++,0.76
h5bp/Front-end-Developer-Interview-Questions,3489,382,0,49.0,Nunjucks,0.97
sveltejs/svelte,1743,2159,0,99.0,TypeScript,0.87
ansible/ansible,3463,33896,3,37.0,Python,0.96
resume/resume.github.com,3857,84,0,115.0,JavaScript,0.6
Semantic-Org/Semantic-UI,3065,351,153,6.0,JavaScript,0.85
rails/rails,4888,18624,45,19.0,Ruby,0.98
papers-we-love/papers-we-love,2814,386,0,12.0,Shell,0.9
kelseyhightower/nocode,1300,1,1,54.0,Dockerfile,0.13
ripienaar/free-for-dev,2356,1574,0,432.0,HTML,
fatedier/frp,2078,336,65,53.0,Go,0.96
trimstray/the-book-of-secret-knowledge,1163,105,0,82.0,,0.89
apache/echarts,3070,836,90,113.0,TypeScript,0.84
cdr/code-server,914,790,66,47.0,TypeScript,0.86
scikit-learn/scikit-learn,4030,7754,23,8.0,Python,0.81
neovim/neovim,2767,5406,22,238.0,Vim script,0.83
521xueweihan/HelloGitHub,1943,14,9,8.0,Python,1.0
tailwindlabs/tailwindcss,1423,1030,153,0.0,JavaScript,0.97
moment/moment,3834,709,0,209.0,JavaScript,0.97
psf/requests,3850,1399,0,181.0,Python,0.94
scutan90/DeepLearning-500-questions,1159,300,0,92.0,JavaScript,0.45
awesomedata/awesome-public-datasets,2474,188,0,122.0,,0.49
Hack-with-Github/Awesome-Hacking,1978,25,0,22.0,,
home-assistant/core,2903,27164,807,20.0,Python,0.96
jaywcjlove/awesome-mac,1869,557,0,103.0,JavaScript,0.77
necolas/normalize.css,3770,56,0,26.0,CSS,0.93
ionic-team/ionic-framework,2931,2980,249,211.0,TypeScript,0.97
ReactiveX/RxJava,3155,3030,224,267.0,Java,1.0
mtdvio/every-programmer-should-know,1466,86,0,161.0,,0.53
enaqx/awesome-react,2580,750,0,33.0,,0.88
jgthms/bulma,2045,567,16,199.0,CSS,0.92
spring-projects/spring-framework,3917,690,210,61.0,Java,0.95
florinpop17/app-ideas,916,149,0,18.0,,0.46
remix-run/react-router,2662,1212,156,41.0,JavaScript,0.99
azl397985856/leetcode,1248,218,37,52.0,JavaScript,0.96
google/material-design-icons,2517,35,16,132.0,,0.69
grafana/grafana,2818,14230,240,131.0,TypeScript,0.91
leonardomso/33-js-concepts,1090,107,0,39.0,JavaScript,0.87
jekyll/jekyll,4696,2945,100,15.0,Ruby,0.98
meteor/meteor,3510,1420,0,361.0,JavaScript,0.99
DopplerHQ/awesome-interview-questions,2101,167,0,17.0,,1.0
google/guava,2649,354,32,136.0,Java,0.81
sindresorhus/awesome-nodejs,2606,378,0,47.0,,0.98
sdmg15/Best-websites-a-programmer-should-visit,1638,301,0,123.0,,0.98
NARKOZ/hacker-scripts,2108,62,0,462.0,JavaScript,0.5
godotengine/godot,2794,17449,32,17.0,C++,0.81
tesseract-ocr/tesseract,2574,1202,12,66.0,C++,0.85
soimort/you-get,3296,541,113,123.0,Python,
scrapy/scrapy,4206,1713,20,172.0,Python,0.81
ageitgey/face_recognition,1640,87,2,262.0,Python,0.47
wasabeef/awesome-android-ui,2440,89,0,212.0,,0.99
minimaxir/big-list-of-naughty-strings,2213,90,0,804.0,Python,0.35
aymericdamien/TensorFlow-Examples,2118,87,0,108.0,Jupyter Notebook,0.3
square/okhttp,3324,2668,0,11.0,Kotlin,0.97
serverless/serverless,2322,3705,280,142.0,JavaScript,0.83
prettier/prettier,1734,5184,75,43.0,JavaScript,0.86
TheAlgorithms/Java,1870,529,0,9.0,Java,0.97
juliangarnier/anime,1995,71,14,203.0,JavaScript,0.77
apache/superset,2231,7411,40,6.0,Python,0.86
yarnpkg/yarn,2049,1652,142,182.0,JavaScript,0.72
nestjs/nest,1667,3184,55,29.0,TypeScript,0.99
python/cpython,1661,22472,0,52.0,Python,
syncthing/syncthing,2833,1999,271,2.0,Go,0.94
babel/babel,2527,4352,268,82.0,JavaScript,0.93
ColorlibHQ/AdminLTE,2804,847,70,113.0,JavaScript,0.98
android/architecture-samples,2032,176,0,113.0,Kotlin,0.69
strapi/strapi,2160,3573,181,78.0,JavaScript,0.9
git/git,4785,3,0,28.0,C,
parcel-bundler/parcel,1483,1714,5,542.0,JavaScript,0.86
junegunn/fzf,2867,291,11,39.0,Go,0.88
ziishaned/learn-regex,1499,106,0,607.0,,0.45
iptv-org/iptv,1019,2443,0,2.0,JavaScript,0.96
square/retrofit,4010,738,0,10.0,Java,0.95
Dogfalo/materialize,2543,449,41,1146.0,JavaScript,0.88
JetBrains/kotlin,3485,1863,170,259.0,Kotlin,
prometheus/prometheus,3200,3911,185,6.0,Go,0.91
astaxie/build-web-application-with-golang,3314,756,0,8.0,Go,0.63
nwjs/nw.js,3525,563,0,194.0,JavaScript,0.88
TryGhost/Ghost,3039,5560,441,245.0,JavaScript,0.99
deepfakes/faceswap,1349,329,3,71.0,Python,0.98
kon9chunkit/GitHub-Chinese-Top-Charts,724,0,0,35.0,Java,0.28
vsouza/awesome-ios,2607,2152,0,23.0,Swift,1.0
v2ray/v2ray-core,2186,202,247,109.0,Go,0.99
prakhar1989/awesome-courses,2479,184,0,42.0,,0.54
nuxt/nuxt.js,1768,2315,150,15.0,JavaScript,0.95
gogs/gogs,2755,1198,60,3.0,Go,0.84
mermaid-js/mermaid,2493,627,71,109.0,JavaScript,0.7
lydiahallie/javascript-questions,809,262,0,8.0,,0.72
x64dbg/x64dbg,2332,526,3,67.0,C++,0.76
Solido/awesome-flutter,1575,391,0,147.0,Dart,
k88hudson/git-flight-rules,2595,207,0,142.0,,0.78
etcd-io/etcd,2976,6437,202,89.0,Go,0.97
3b1b/manim,2352,440,3,60.0,Python,0.66
bailicangdu/vue2-elm,1710,20,0,95.0,Vue,0.83
vercel/hyper,1885,2056,69,222.0,TypeScript,0.78
FreeCodeCampChina/freecodecamp.cn,1794,55,0,519.0,CSS,0.76
impress/impress.js,3532,100,14,253.0,JavaScript,0.89
karan/Projects,2978,19,0,80.0,,0.51
Alamofire/Alamofire,2586,499,86,575.0,Swift,0.99
facebook/jest,2819,4153,128,149.0,TypeScript,0.78
iamkun/dayjs,1237,574,103,259.0,JavaScript,0.71
apache/dubbo,3358,2551,38,60.0,Java,0.81
JuliaLang/julia,3783,17248,105,261.0,Julia,0.83
mozilla/pdf.js,3778,5206,38,59.0,JavaScript,0.95
justjavac/awesome-wechat-weapp,1802,252,0,110.0,,
binhnguyennus/awesome-scalability,1341,24,0,13.0,,
Unitech/pm2,3022,511,115,62.0,JavaScript,0.9
DefinitelyTyped/DefinitelyTyped,3250,39879,1,12.0,TypeScript,0.93
tiangolo/fastapi,995,711,109,52.0,Python,0.69
algorithm-visualizer/algorithm-visualizer,1932,180,0,37.0,JavaScript,0.81
traefik/traefik,2177,3163,340,50.0,Go,0.87
nodejs/node-v0.x-archive,4477,218,0,268.0,,0.92
styled-components/styled-components,1839,823,111,145.0,TypeScript,0.99
alacritty/alacritty,2019,1308,64,64.0,Rust,0.92
caddyserver/caddy,2420,1210,88,76.0,Go,0.97
MunGell/awesome-for-beginners,2136,321,0,20.0,,0.95
microsoft/Web-Dev-For-Beginners,292,174,0,1.0,JavaScript,0.97
tldr-pages/tldr,2821,4969,2,45.0,Markdown,0.84
pixijs/pixijs,3142,2170,142,51.0,TypeScript,0.99
chinese-poetry/chinese-poetry,1822,96,1,498.0,JavaScript,0.55
discourse/discourse,3151,11837,0,550.0,Ruby,
PhilJay/MPAndroidChart,2683,190,44,123.0,Java,0.6
localstack/localstack,1769,1530,37,10.0,Python,0.89
adobe/brackets,3553,4333,69,113.0,JavaScript,0.73
GitSquared/edex-ui,1674,397,28,72.0,JavaScript,0.96
hexojs/hexo,3262,717,101,64.0,JavaScript,0.98
Marak/faker.js,4124,308,0,123.0,JavaScript,0.66
AFNetworking/AFNetworking,3743,709,40,190.0,Objective-C,0.98
danielmiessler/SecLists,3479,379,14,19.0,PHP,0.9
dcloudio/uni-app,1144,182,0,22.0,JavaScript,0.66
fighting41love/funNLP,1104,9,0,69.0,Python,0.67
fffaraz/awesome-cpp,2600,456,0,47.0,,0.33
shadowsocks/shadowsocks,3418,70,2,477.0,Python,
slatedocs/slate,2907,256,25,174.0,SCSS,0.95
cypress-io/cypress,2370,2794,245,24.0,JavaScript,0.81
fastlane/fastlane,2462,5725,496,743.0,Ruby,0.99
Avik-Jain/100-Days-Of-ML-Code,1151,6,0,5.0,,
tiimgreen/github-cheat-sheet,2696,129,0,101.0,,0.87
alvarotrigo/fullPage.js,2900,268,70,88.0,JavaScript,0.95
gulpjs/gulp,2978,395,22,1081.0,JavaScript,0.99
pi-hole/pi-hole,2639,1259,68,62.0,Shell,0.96
sahat/hackathon-starter,2846,301,13,31.0,JavaScript,0.97
0voice/interview_internal_reference,811,35,0,163.0,Python,0.43
huginn/huginn,3094,900,0,74.0,Ruby,0.75
ethereum/go-ethereum,2803,4816,147,133.0,Go,0.96
dypsilon/frontend-dev-bookmarks,2990,129,1,96.0,,0.82
videojs/video.js,4125,1429,252,180.0,JavaScript,0.93
vuetifyjs/vuetify,1812,2731,405,181.0,TypeScript,0.89
BVLC/caffe,2908,1087,14,237.0,C++,0.82
google/material-design-lite,2419,655,14,540.0,HTML,0.84
shadowsocks/shadowsocks-android,3178,241,179,247.0,Kotlin,0.99
bradtraversy/design-resources-for-developers,480,642,0,13.0,,1.0
airbnb/lottie-android,1788,467,36,160.0,Java,0.97
Leaflet/Leaflet,3994,2118,22,81.0,JavaScript,0.9
koajs/koa,2962,404,0,289.0,JavaScript,0.97
bumptech/glide,2974,376,36,591.0,Java,0.93
grpc/grpc,2456,13846,177,96.0,C++,0.93
isocpp/CppCoreGuidelines,2202,692,4,71.0,Python,0.8
ocornut/imgui,2596,269,75,62.0,C++,0.84
exacity/deeplearningbook-chinese,1726,16,7,149.0,TeX,0.7
FiloSottile/mkcert,1161,49,13,82.0,Go,0.73
kamranahmedse/design-patterns-for-humans,1655,47,0,0.0,,0.86
immutable-js/immutable-js,2615,426,59,407.0,TypeScript,0.92
yangshun/front-end-interview-handbook,1324,200,0,36.0,JavaScript,0.81
php/php-src,3727,871,0,18.0,C,
zenorocha/clipboard.js,2172,97,39,100.0,JavaScript,0.99
blueimp/jQuery-File-Upload,3924,116,0,134.0,PHP,0.98
apachecn/AiLearning,1646,467,2,46.0,Python,0.67
pandas-dev/pandas,4023,16861,78,369.0,Python,0.84
vitejs/vite,495,1015,0,36.0,TypeScript,0.84
XX-net/XX-Net,2418,359,308,1082.0,Python,0.4
hoppscotch/hoppscotch,739,795,11,24.0,Vue,0.94
quilljs/quill,3317,210,82,31.0,JavaScript,0.64
alex/what-happens-when,2852,107,0,40.0,,0.18
Trinea/android-open-project,2793,201,0,134.0,,0.85
apache/spark,2742,5,0,1.0,Scala,
jakevdp/PythonDataScienceHandbook,1845,28,0,394.0,Jupyter Notebook,0.44
Alvin9999/new-pac,1985,0,0,64.0,,0.77
RocketChat/Rocket.Chat,2294,7296,551,201.0,JavaScript,0.83
obsproject/obs-studio,2889,2100,137,61.0,C,0.74
floodsung/Deep-Learning-Papers-Reading-Roadmap,1780,27,0,606.0,Python,0.09
ngosang/trackerslist,1953,1,0,28.0,,0.99
photonstorm/phaser,3061,1388,116,143.0,JavaScript,0.96
jondot/awesome-react-native,2348,912,0,612.0,JavaScript,0.56
testerSunshine/12306,1565,31,1,548.0,Python,0.69
Kong/kong,2477,2642,110,115.0,Lua,0.95
wg/wrk,3449,0,0,6.0,C,0.71
open-guides/og-aws,1873,483,0,827.0,Shell,0.4
ant-design/ant-design-pro,1465,858,23,74.0,TypeScript,0.98
preactjs/preact,2179,1173,150,35.0,JavaScript,0.89
Blankj/AndroidUtilCode,1856,73,116,68.0,Java,0.93
akullpp/awesome-java,2608,590,0,11.0,,0.98
shadowsocks/ShadowsocksX-NG,1906,60,26,315.0,Swift,0.81
swisskyrepo/PayloadsAllTheThings,1776,289,1,54.0,Python,
ryanoasis/nerd-fonts,2459,135,20,17.0,CSS,0.54
lerna/lerna,2095,581,169,231.0,JavaScript,0.7
commaai/openpilot,1739,2783,38,138.0,C++,0.92
NervJS/taro,1239,1646,94,229.0,JavaScript,0.89
xitu/gold-miner,2125,3362,0,83.0,,0.99
anuraghazra/github-readme-stats,416,292,0,39.0,JavaScript,0.87
PowerShell/PowerShell,2055,5037,100,17.0,C#,0.68
bilibili/ijkplayer,3009,35,0,442.0,C,0.49
CorentinJ/Real-Time-Voice-Cloning,826,41,0,59.0,Python,0.97
foundation/foundation-sites,3608,2931,71,237.0,HTML,1.0
minio/minio,2419,6485,259,3.0,Go,1.0
faif/python-patterns,3371,248,0,113.0,Python,0.84
sharkdp/bat,1226,810,33,16.0,Rust,0.91
google-research/bert,1039,32,0,35.0,Python,0.32
Homebrew/brew,2002,6956,216,65.0,Ruby,0.99
getsentry/sentry,4017,21151,80,4.0,Python,0.94
pingcap/tidb,2184,16169,129,18.0,Go,0.78
joshbuchea/HEAD,1957,86,0,910.0,,0.86
hashicorp/terraform,2726,9487,177,45.0,Go,0.92
lukehoban/es6features,2736,41,0,992.0,,0.65
google/styleguide,2293,128,0,67.0,HTML,0.37
rclone/rclone,2723,1048,78,61.0,Go,0.84
NationalSecurityAgency/ghidra,912,213,14,89.0,Java,0.62
ariya/phantomjs,3898,562,0,13.0,C++,1.0
carbon-app/carbon,1535,574,201,111.0,JavaScript,0.97
nativefier/nativefier,2247,210,68,65.0,TypeScript,0.84
willmcgugan/rich,658,329,114,14.0,Python,0.99
iperov/DeepFaceLab,1182,32,2,2.0,Python,0.68
nolimits4web/swiper,3455,426,0,278.0,JavaScript,0.97
vuejs/vue-cli,2073,1197,155,465.0,JavaScript,0.87
zxing/zxing,3609,173,27,584.0,Java,0.99
certbot/certbot,2482,3318,21,133.0,Python,0.89
geekxh/hello-algorithm,457,23,0,2.0,Java,0.91
formium/formik,1537,740,170,40.0,TypeScript,0.74
dkhamsing/open-source-ios-apps,2407,627,36,60.0,Swift,1.0
kelseyhightower/kubernetes-the-hard-way,1879,69,0,169.0,,0.82
bayandin/awesome-awesomeness,2609,192,0,325.0,Ruby,0.83
react-boilerplate/react-boilerplate,2384,715,16,440.0,JavaScript,0.97
brillout/awesome-react-components,1892,223,0,203.0,,0.97
iina/iina,1714,373,38,21.0,Swift,0.59
istio/istio,1745,15724,213,72.0,Go,0.95
jashkenas/backbone,3986,851,0,500.0,JavaScript,0.98
GokuMohandas/MadeWithML,1028,140,0,12.0,Jupyter Notebook,1.0
agalwood/Motrix,985,136,14,35.0,JavaScript,0.55
dylanaraps/pure-bash-bible,1173,28,0,23.0,Shell,0.53
tastejs/todomvc,3740,719,5,271.0,JavaScript,0.84
codepath/android_guides,2993,10,0,1349.0,,0.58
typescript-cheatsheets/react,1184,240,0,0.0,JavaScript,0.98
Homebrew/legacy-homebrew,4484,222,0,591.0,,1.0
netty/netty,3946,2126,0,66.0,Java,0.92
CSSEGISandData/COVID-19,572,855,0,103.0,,0.53
eugenp/tutorials,3044,7606,0,50.0,Java,0.93
wagoodman/dive,1204,115,24,904.0,Go,0.61
caolan/async,4107,418,7,1100.0,JavaScript,1.0
satwikkansal/wtfpython,1462,87,2,114.0,Python,0.73
shengxinjing/programmer-job-blacklist,1891,16,0,195.0,Shell,0.56
AobingJava/JavaFamily,656,2,0,70.0,,0.62
SheetJS/sheetjs,3191,87,0,92.0,Makefile,0.77
formulahendry/955.WLB,886,16,0,4.0,,0.29
microsoft/playwright,653,5146,46,46.0,JavaScript,0.89
kenwheeler/slick,2715,235,48,215.0,JavaScript,0.68
skylot/jadx,3086,273,14,56.0,Java,0.8
BurntSushi/ripgrep,1997,408,66,193.0,Rust,0.93
alibaba/arthas,1096,342,36,74.0,Java,0.9
aosabook/500lines,2855,175,0,347.0,JavaScript,0.59
fxsjy/jieba,3256,96,9,327.0,Python,0.27
beego/beego,3469,1073,10,273.0,Go,0.99
evanw/esbuild,1902,126,109,19.0,Go,0.85
mathiasbynens/dotfiles,3646,44,0,161.0,Shell,0.65
chubin/cheat.sh,1575,113,0,57.0,Python,0.52
serhii-londar/open-source-mac-os-apps,1395,425,0,183.0,Swift,0.85
date-fns/date-fns,2519,861,96,122.0,JavaScript,0.75
unknwon/the-way-to-go_ZH_CN,3080,545,0,350.0,Go,
vuejs/vuex,2236,636,51,136.0,JavaScript,0.94
square/leakcanary,2314,727,27,84.0,Kotlin,0.94
sherlock-project/sherlock,979,344,0,183.0,Python,0.89
freeCodeCamp/devdocs,2866,355,0,39.0,Ruby,0.9
crossoverJie/JCSprout,1351,69,0,52.0,Java,0.66
facebook/docusaurus,1531,3045,101,13.0,TypeScript,0.91
google/leveldb,2559,35,21,6.0,C++,0.77
nlohmann/json,2978,475,37,5.0,C++,0.99
ityouknow/spring-boot-examples,1758,7,0,448.0,Java,0.96
go-gitea/gitea,1762,7854,122,31.0,Go,0.79
jashkenas/underscore,4326,726,0,1404.0,JavaScript,0.98
gorhill/uBlock,2342,187,220,113.0,JavaScript,0.99
fzaninotto/Faker,3607,824,12,991.0,PHP,0.87
golang-standards/project-layout,1450,45,0,27.0,Makefile,0.3
alibaba/p3c,1528,60,0,16.0,Kotlin,0.87
standard/standard,2406,352,0,127.0,JavaScript,0.94
FFmpeg/FFmpeg,3790,15,11,61.0,C,
microsoft/monaco-editor,1909,99,0,109.0,JavaScript,0.8
Tencent/weui,2446,171,23,564.0,Less,0.94
metabase/metabase,2400,6939,211,278.0,Clojure,0.77
koalaman/shellcheck,3207,241,26,72.0,Haskell,0.66
houshanren/hangzhou_house_knowledge,1282,4,0,1159.0,CSS,
markedjs/marked,3689,633,49,572.0,JavaScript,0.96
JakeWharton/butterknife,3099,346,0,592.0,Java,0.92
symfony/symfony,4255,17123,311,20.0,PHP,0.96
dotnet/aspnetcore,2728,8803,123,90.0,C#,0.89
ziadoz/awesome-php,2833,377,0,376.0,,0.99
herrbischoff/awesome-macos-command-line,2168,104,0,582.0,,
composer/composer,3735,2254,119,175.0,PHP,0.97
ReactiveX/rxjs,2359,2286,0,34.0,TypeScript,0.94
typeorm/typeorm,2008,1427,3,93.0,TypeScript,0.8
sorrycc/awesome-javascript,2616,333,0,477.0,,0.99
elsewhencode/project-guidelines,1521,108,0,151.0,JavaScript,0.76
proxyee-down-org/proxyee-down,1404,16,49,554.0,Java,
jgraph/drawio,1818,24,552,18.0,JavaScript,0.75
d2l-ai/d2l-zh,1467,791,13,198.0,Python,
apolloconfig/apollo,2004,1061,32,125.0,Java,0.94
raywenderlich/swift-algorithm-club,2042,606,0,25.0,Swift,0.89
ZuzooVn/machine-learning-for-software-engineers,1785,57,0,446.0,,0.17
request/request,3871,650,0,452.0,JavaScript,0.96
nvie/gitflow,4239,36,0,366.0,Shell,0.35
IanLunn/Hover,2796,22,10,876.0,CSS,0.82
amix/vimrc,3379,85,0,13.0,Vim script,0.97
vlang/v,933,5593,63,117.0,V,0.81
cli/cli,696,963,86,38.0,Go,0.83
openai/gym,1950,647,6,49.0,Python,0.92
ventoy/Ventoy,537,48,49,1.0,C,0.57
select2/select2,3465,687,29,217.0,JavaScript,0.99
Modernizr/Modernizr,4356,778,24,1258.0,JavaScript,0.89
postcss/postcss,2896,646,204,25.0,TypeScript,0.99
airbnb/lottie-web,2382,94,0,125.0,JavaScript,0.71
go-gorm/gorm,2865,431,2,7.0,Go,0.97
gto76/python-cheatsheet,1312,12,0,25.0,Python,0.86
laurent22/joplin,1686,1117,226,6.0,TypeScript,0.94
rapid7/metasploit-framework,3652,8697,0,3.0,Ruby,0.9
github/fetch,2512,145,38,583.0,JavaScript,0.98
rethinkdb/rethinkdb,3225,386,69,512.0,C++,0.78
sequelize/sequelize,4056,2716,357,183.0,JavaScript,0.86
streamich/react-use,1037,1322,244,42.0,TypeScript,0.5
angular/angular-cli,2278,6418,414,23.0,TypeScript,0.98
laravel/framework,3153,11312,429,305.0,PHP,1.0
atlassian/react-beautiful-dnd,1481,518,67,383.0,JavaScript,0.71
mastodon/mastodon,2015,8897,154,30.0,Ruby,0.69
jeecgboot/jeecg-boot,1007,12,16,11.0,Java,0.99
naptha/tesseract.js,2258,83,33,71.0,JavaScript,0.82
nylas/nylas-mail,2509,139,53,367.0,JavaScript,0.71
facebookresearch/Detectron,1424,0,0,185.0,Python,0.67
VincentGarreau/particles.js,2549,21,6,76.0,JavaScript,0.23
vim/vim,2203,3,0,80.0,Vim script,0.81
webtorrent/webtorrent,2875,508,35,139.0,JavaScript,0.93
vuejs/vue-next,1174,1499,91,34.0,TypeScript,0.91
danielgindi/Charts,2354,387,33,751.0,Swift,0.82
mitmproxy/mitmproxy,4212,1740,41,13.0,Python,0.92
alibaba/druid,3587,920,42,513.0,Java,0.39
transloadit/uppy,2113,1470,24,48.0,JavaScript,0.94
junegunn/vim-plug,2910,157,4,125.0,Vim script,0.93
pyenv/pyenv,3285,550,47,60.0,Shell,0.98
niklasvh/html2canvas,3697,172,41,139.0,TypeScript,0.7
geekcompany/ResumeSample,2547,2,0,197.0,,
johnpapa/angular-styleguide,2588,331,0,1393.0,,0.85
cheeriojs/cheerio,3612,684,55,1292.0,TypeScript,0.99
mobxjs/mobx,2360,892,40,551.0,TypeScript,1.0
lib-pku/libpku,1011,22,0,534.0,TeX,0.91
tabler/tabler,1305,176,26,647.0,HTML,0.87
sentsin/layui,2168,32,48,11.0,JavaScript,0.17
aria2/aria2,3928,195,23,27.0,C++,0.46
Developer-Y/cs-video-courses,1773,77,0,176.0,,0.94
Advanced-Frontend/Daily-Interview-Question,953,15,0,319.0,JavaScript,0.57
mqyqingfeng/Blog,1630,3,0,293.0,,0.41
GitbookIO/gitbook,2708,214,0,308.0,JavaScript,
typicode/husky,2624,173,55,31.0,JavaScript,0.96
iview/iview,1858,526,85,192.0,Vue,0.81
hasura/graphql-engine,1168,2086,105,231.0,Haskell,0.67
drone/drone,2760,881,4,126.0,Go,
SDWebImage/SDWebImage,4360,781,101,1100.0,Objective-C,0.97
alibaba/fastjson,3587,410,82,19.0,Java,0.49
geekcomputers/Python,3560,915,0,202.0,Python,0.39
greenrobot/EventBus,3331,29,5,85.0,Java,0.81
hankcs/HanLP,2516,66,54,112.0,Python,1.0
donnemartin/interactive-coding-challenges,2315,176,0,40.0,Python,0.48
google/googletest,2224,685,3,49.0,C++,0.91
CamDavidsonPilon/Probabilistic-Programming-and-Bayesian-Methods-for-Hackers,3149,236,0,48.0,Jupyter Notebook,0.38
0xAX/linux-insides,2430,537,0,48.0,Python,0.76
realpython/python-guide,3820,675,0,64.0,Batchfile,0.67
ajaxorg/ace,3959,1387,0,444.0,JavaScript,0.71
goabstract/Awesome-Design-Tools,929,283,0,47.0,JavaScript,0.96
CodeHubApp/CodeHub,2959,13,4,37.0,C#,0.63
codemirror/CodeMirror,3880,519,150,121.0,JavaScript,0.9
acmesh-official/acme.sh,2073,1028,33,52.0,Shell,0.7
GoogleChrome/lighthouse,2000,3862,73,221.0,JavaScript,0.94
jgm/pandoc,4180,1173,100,76.0,Haskell,0.88
ageron/handson-ml,2021,48,0,6.0,Jupyter Notebook,0.78
rstacruz/nprogress,2931,34,7,224.0,JavaScript,0.34
docker/compose,2820,2034,151,5.0,Python,0.92
JedWatson/react-select,2560,904,23,41.0,TypeScript,0.95
ycm-core/YouCompleteMe,3422,682,0,1295.0,Python,0.99
terryum/awesome-deep-learning-papers,1913,39,0,557.0,TeX,0.42
xkcoding/spring-boot-demo,1388,14,0,93.0,Java,0.51
denysdovhan/wtfjs,1507,83,17,192.0,JavaScript,0.97
Automattic/mongoose,4163,1380,5,15.0,JavaScript,0.97
SortableJS/Sortable,2810,237,23,361.0,JavaScript,0.8
akveo/ngx-admin,1922,320,16,40.0,TypeScript,0.78
poteto/hiring-without-whiteboards,1628,994,0,0.0,JavaScript,
apache/airflow,2330,9166,34,32.0,Python,0.78
spf13/cobra,2917,378,14,94.0,Go,0.69
remy/nodemon,3983,275,78,26.0,JavaScript,0.98
scwang90/SmartRefreshLayout,1549,6,8,42.0,Java,0.86
facebookresearch/fastText,1870,7,4,411.0,HTML,0.61
cmderdev/cmder,2973,336,29,268.0,C++,0.99
react-hook-form/react-hook-form,908,1328,398,47.0,TypeScript,1.0
alibaba/flutter-go,964,158,4,709.0,Dart,
jobbole/awesome-python-cn,2126,49,0,294.0,Makefile,0.67
hashicorp/consul,2855,5523,64,3.0,Go,0.81
fengdu78/Coursera-ML-AndrewNg-Notes,1394,9,0,88.0,HTML,0.22
gitlabhq/gitlabhq,3619,2227,0,300.0,Ruby,
MrRio/jsPDF,4284,666,29,403.0,JavaScript,0.96
microsoft/calculator,944,674,0,345.0,C++,0.72
excalidraw/excalidraw,605,2030,1,45.0,TypeScript,0.76
hammerjs/hammer.js,3467,114,0,74.0,JavaScript,0.74
StreisandEffect/streisand,2716,527,0,489.0,Shell,0.81
hashicorp/vagrant,4238,2446,0,425.0,Ruby,0.95
VundleVim/Vundle.vim,3969,86,0,428.0,Vim script,0.78
ggreer/the_silver_searcher,3571,399,0,54.0,C,0.51
bvaughn/react-virtualized,2126,452,4,55.0,JavaScript,0.66
tmux/tmux,2279,0,32,13.0,C,0.99
odoo/odoo,2665,6114,0,138.0,JavaScript,0.88
YMFE/yapi,1917,137,1,88.0,JavaScript,0.4
tannerlinsley/react-query,719,656,255,29.0,TypeScript,0.97
QSCTech/zju-icicles,1888,119,0,51.0,C,0.87
pypa/pipenv,1682,1021,15,596.0,Python,0.84
2dust/v2rayN,761,41,75,51.0,C#,0.88
CymChad/BaseRecyclerViewAdapterHelper,1967,190,191,1194.0,Java,0.88
lenve/vhr,1333,1,0,44.0,Java,0.39
pcottle/learnGitBranching,3303,438,0,225.0,JavaScript,0.98
psf/black,1264,677,12,31.0,Python,0.82
harvesthq/chosen,3786,309,34,906.0,HTML,0.9
powerline/fonts,3175,72,1,72.0,Shell,0.38
bannedbook/fanqiang,2419,2,21,243.0,Kotlin,0.58
ianstormtaylor/slate,1898,1346,29,153.0,TypeScript,0.85
balderdashy/sails,3451,523,40,213.0,JavaScript,0.93
alebcay/awesome-shell,2610,281,0,1198.0,,0.44
influxdata/influxdb,2894,8797,65,64.0,Go,0.89
emberjs/ember.js,3749,7555,407,903.0,JavaScript,0.95
airbnb/lottie-ios,1788,325,44,356.0,Swift,0.74
Netflix/Hystrix,3205,672,79,145.0,Java,0.67
dbeaver/dbeaver,2139,1669,134,364.0,Java,0.87
OAI/OpenAPI-Specification,2736,661,10,265.0,JavaScript,0.74
sindresorhus/awesome-electron,2320,254,0,417.0,,1.0
pure-css/pure,3051,164,24,7.0,JavaScript,1.0
heartcombo/devise,4365,742,15,69.0,Ruby,0.98
nagadomi/waifu2x,2296,66,3,1.0,Lua,0.59
dokku/dokku,3004,2141,199,222.0,Shell,0.98
redux-saga/redux-saga,2100,631,50,42.0,JavaScript,0.86
CMU-Perceptual-Computing-Lab/openpose,1588,148,15,31.0,C++,0.92
t4t5/sweetalert,2525,82,13,219.0,TypeScript,0.79
encode/django-rest-framework,3833,2623,14,18.0,Python,0.97
fouber/blog,2683,1,0,360.0,,0.15
syl20bnr/spacemacs,3177,1226,158,172.0,Emacs Lisp,0.94
angular/components,2064,8982,222,1283.0,TypeScript,0.87
curl/curl,4182,137,54,176.0,C,0.99
tauri-apps/tauri,778,1519,199,31.0,Rust,0.89
Polymer/polymer,3293,1067,115,1004.0,HTML,0.94
hashicorp/vault,2377,6836,24,3.0,Go,0.82
littlecodersh/ItChat,2049,29,13,89.0,Python,0.73
yunjey/pytorch-tutorial,1633,28,0,124.0,Python,0.65
LeCoupa/awesome-cheatsheets,1389,125,0,29.0,JavaScript,0.66
google/zx,116,36,25,9.0,JavaScript,0.97
doczjs/docz,1261,353,126,1024.0,TypeScript,0.93
kubernetes/minikube,1962,4877,122,12.0,Go,0.92
cfenollosa/os-tutorial,2526,11,0,54.0,C,0.62
rust-unofficial/awesome-rust,2600,919,0,89.0,Rust,0.84
mbeaudru/modern-js-cheatsheet,1441,80,0,535.0,,0.86
donnemartin/data-science-ipython-notebooks,2410,31,0,39.0,Python,0.68
SeleniumHQ/selenium,3149,794,68,452.0,Java,0.98
cockroachdb/cockroach,2761,30662,0,115.0,Go,0.9
ovity/octotree,2669,249,0,201.0,JavaScript,0.94
kahun/awesome-sysadmin,2758,183,0,280.0,,0.23
dmlc/xgboost,2761,2552,35,6.0,C++,0.94
wuyouzhuguli/SpringAll,1215,1,0,39.0,Java,0.67
mdbootstrap/mdb-ui-kit,2568,193,13,15.0,JavaScript,1.0
Tencent/wepy,1749,428,8,43.0,JavaScript,0.84
hollischuang/toBeTopJavaer,1039,50,0,7.0,Java,0.68
qiurunze123/miaosha,1080,9,0,4.0,Java,0.48
facebook/flow,2497,158,211,231.0,OCaml,0.63
fastai/fastai,1450,1472,31,13.0,Jupyter Notebook,0.94
trailofbits/algo,1932,470,2,230.0,Python,0.93
pjreddie/darknet,2697,9,0,313.0,C,0.23
reduxjs/react-redux,2241,433,94,23.0,TypeScript,0.97
dimsemenov/PhotoSwipe,3797,53,11,657.0,JavaScript,0.66
react-native-elements/react-native-elements,1816,974,74,15.0,TypeScript,0.97
explosion/spaCy,2614,2357,86,394.0,Python,0.98
github/hub,4285,395,60,262.0,Go,0.88
balena-io/etcher,2133,1574,145,60.0,TypeScript,0.83
pmndrs/react-spring,1271,266,22,295.0,TypeScript,0.95
go-kit/kit,2399,456,11,301.0,Go,0.93
kataras/iris,2038,178,15,2.0,Go,0.91
Binaryify/NeteaseCloudMusicApi,1894,183,134,227.0,JavaScript,0.93
emscripten-core/emscripten,3851,6785,0,284.0,C,0.88
ramda/ramda,2991,1213,24,480.0,JavaScript,0.85
matteocrippa/awesome-swift,2607,1339,0,29.0,Swift,0.99
signalapp/Signal-Android,3545,238,0,319.0,Java,0.85
guzzle/guzzle,3835,843,43,225.0,PHP,0.99
tj/commander.js,3668,519,60,3.0,JavaScript,0.99
immerjs/immer,1339,263,86,230.0,JavaScript,0.98
MostlyAdequate/mostly-adequate-guide,2307,270,1,270.0,JavaScript,0.77
alibaba/easyexcel,1300,64,1,122.0,Java,0.9
kriasoft/react-starter-kit,2692,486,5,743.0,TypeScript,1.0
jesseduffield/lazygit,1198,562,123,1.0,Go,0.74
markerikson/react-redux-links,2046,59,0,541.0,,0.61
sqlmapproject/sqlmap,3351,128,6,319.0,Python,0.99
jgraph/drawio-desktop,1557,12,68,110.0,JavaScript,0.7
byoungd/English-level-up-tips-for-Chinese,1552,20,0,20.0,,0.79
lukasz-madon/awesome-remote-job,2431,512,0,614.0,,0.93
mattermost/mattermost-server,2267,10720,262,853.0,Go,0.88
ccxt/ccxt,1568,3301,0,81.0,JavaScript,0.92
SwiftyJSON/SwiftyJSON,2629,215,21,413.0,Swift,0.84
ReactiveX/RxSwift,2336,724,70,28.0,Swift,1.0
vuejs/devtools,2526,217,49,53.0,TypeScript,0.74
bevacqua/dragula,2330,57,0,476.0,JavaScript,0.81
android/architecture-components-samples,1573,205,0,3.0,Kotlin,0.81
mochajs/mocha,3828,1112,67,675.0,JavaScript,0.92
google/iosched,2707,62,2,119.0,Kotlin,0.83
facebook/draft-js,2018,212,26,112.0,JavaScript,0.57
googlehosts/hosts,1485,50,0,751.0,,0.85
inconshreveable/ngrok,3084,34,0,83.0,Go,0.57
jamiebuilds/the-super-tiny-compiler,1997,20,0,211.0,JavaScript,
seata/seata,975,1314,31,108.0,Java,0.78
firstcontributions/first-contributions,1804,35308,0,102.0,,0.84
facebook/rocksdb,3194,556,140,21.0,C++,0.82
vapor/vapor,2050,990,414,112.0,Swift,0.95
Wox-launcher/Wox,2810,280,38,484.0,C#,0.77
usablica/intro.js,3094,267,28,318.0,JavaScript,0.96
swagger-api/swagger-ui,3698,1994,198,68.0,JavaScript,0.87
feathericons/feather,2650,92,50,1074.0,JavaScript,0.4
labstack/echo,2373,411,85,55.0,Go,0.96
rollup/rollup,2299,1310,292,373.0,JavaScript,0.88
matterport/Mask_RCNN,1410,65,3,108.0,Python,0.32
paularmstrong/normalizr,2566,98,25,696.0,JavaScript,0.93
NativeScript/NativeScript,2373,2752,99,372.0,TypeScript,0.85
Meituan-Dianping/mpvue,1271,64,19,548.0,JavaScript,0.75
lovell/sharp,2932,200,40,32.0,JavaScript,0.96
pugjs/pug,4085,499,22,1034.0,JavaScript,0.9
mongodb/mongo,4609,114,0,45.0,C++,
HeroTransitions/Hero,1739,110,37,237.0,Swift,0.7
fastify/fastify,1796,1666,185,326.0,JavaScript,0.94
ColorlibHQ/gentelella,2298,161,7,1406.0,HTML,0.95
openfaas/faas,1711,647,145,57.0,Go,0.97
veggiemonk/awesome-docker,2534,765,1,42.0,,1.0
sampotts/plyr,2388,333,75,44.0,JavaScript,0.64
SwiftGGTeam/the-swift-programming-language-in-chinese,2644,675,1,335.0,CSS,0.96
alibaba/canal,3150,346,21,204.0,Java,0.79
chakra-ui/chakra-ui,743,1425,1110,1.0,TypeScript,0.95
mbadolato/iTerm2-Color-Schemes,3803,226,0,50.0,Shell,0.84
wsargent/docker-cheat-sheet,2581,131,0,122.0,,0.81
dromara/hutool,2695,214,98,275.0,Java,1.0
react-navigation/react-navigation,1676,931,1055,836.0,TypeScript,0.96
nsqio/nsq,3396,640,30,460.0,Go,0.92
romkatv/powerlevel10k,917,94,27,10.0,Shell,0.99
komeiji-satori/Dress,1295,445,0,127.0,Standard ML,0.71
tornadoweb/tornado,4372,801,0,179.0,Python,0.88
eriklindernoren/ML-From-Scratch,1666,9,0,83.0,Python,0.59
helm/helm,2154,3156,144,480.0,Go,0.95
bilibili/flv.js,1935,20,14,610.0,JavaScript,0.45
huihut/interview,1297,30,0,52.0,C++,0.93
stedolan/jq,3329,211,9,14.0,C,0.69
servo/servo,3490,14016,0,102.0,,0.71
julycoding/The-Art-Of-Programming-By-July,2815,254,0,797.0,C,0.64
chenglou/react-motion,2271,144,4,41.0,JavaScript,0.63
ReactiveCocoa/ReactiveCocoa,3467,1342,81,395.0,Swift,1.0
jlmakes/scrollreveal,2782,32,0,550.0,JavaScript,0.97
topjohnwu/Magisk,1816,727,119,68.0,C++,0.99
google/python-fire,1650,44,8,1281.0,Python,0.61
google/gson,2355,229,1,48.0,Java,0.64
alibaba/spring-cloud-alibaba,1367,485,25,80.0,Java,0.78
git-tips/tips,2237,138,0,582.0,JavaScript,0.55
nefe/You-Dont-Need-jQuery,2108,162,1,339.0,JavaScript,0.98
conwnet/github1s,805,175,17,235.0,TypeScript,0.73
kilimchoi/engineering-blogs,2269,679,0,0.0,Ruby,0.95
DesignPatternsPHP/DesignPatternsPHP,3660,246,0,680.0,PHP,0.99
facebookarchive/pop,2709,100,3,763.0,Objective-C++,0.82
FallibleInc/security-guide-for-developers,1908,26,0,250.0,,0.33
react-bootstrap/react-bootstrap,2802,2321,20,721.0,JavaScript,0.96
halfrost/LeetCode-Go,1503,105,4,5.0,Go,0.88
BradLarson/GPUImage,3485,241,3,1150.0,Objective-C,0.59
futurice/android-best-practices,2588,80,0,14.0,,0.73
petkaantonov/bluebird,2913,289,123,8.0,JavaScript,0.94
postcss/autoprefixer,3090,259,171,151.0,JavaScript,0.97
apache/kafka,3667,4789,0,114.0,Java,
beurtschipper/Depix,266,11,0,1048.0,Python,
enzymejs/enzyme,2119,645,0,378.0,JavaScript,0.85
ipfs/ipfs,2756,124,0,970.0,,0.99
Reactive-Extensions/RxJS,3522,520,34,1248.0,JavaScript,0.74
apache/incubator-mxnet,2313,8486,28,576.0,C++,0.82
keon/algorithms,1746,399,1,536.0,Python,0.66
halo-dev/halo,1257,349,72,65.0,Java,0.92
facebook/folly,3376,4,50,81.0,C++,0.68
SamyPesse/How-to-Make-a-Computer-Operating-System,2830,42,1,462.0,C,0.38
ruanyf/es6tutorial,2688,346,0,300.0,JavaScript,1.0
ReactiveX/RxAndroid,2567,171,18,592.0,Java,1.0
railsware/upterm,2352,293,187,259.0,TypeScript,0.71
fabricjs/fabric.js,4099,1503,112,9.0,JavaScript,0.96
tipsy/profile-summary-for-github,1358,20,0,21.0,Vue,0.83
wangzheng0822/algo,1070,321,0,435.0,Python,0.18
JohnCoates/Aerial,2134,213,165,1395.0,Swift,0.96
localForage/localForage,2859,267,26,324.0,JavaScript,0.73
getredash/redash,2862,2611,96,261.0,Python,0.79
vuejs/vuepress,1242,745,18,31.0,JavaScript,0.77
quasarframework/quasar,2155,2617,493,52.0,JavaScript,0.94
viatsko/awesome-vscode,2030,228,0,31.0,JavaScript,0.54
google-research/google-research,1060,16,0,731.0,Jupyter Notebook,0.32
marktext/marktext,1386,809,32,161.0,JavaScript,0.68
tqdm/tqdm,2279,259,113,14.0,Python,0.68
avajs/ava,2476,918,80,281.0,JavaScript,0.95
xuxueli/xxl-job,2101,93,30,92.0,Java,0.71
portainer/portainer,1928,1593,84,44.0,JavaScript,0.79
jaredhanson/passport,3613,46,0,221.0,JavaScript,0.55
yeasy/docker_practice,2550,242,14,552.0,Go,0.99
datasciencemasters/go,2937,43,0,30.0,,0.48
Fndroid/clash_for_windows_pkg,1046,1,132,11.0,,0.95
alibaba/nacos,1171,1531,41,113.0,Java,0.95
necolas/react-native-web,2273,38,19,258.0,JavaScript,0.96
snowpackjs/snowpack,915,1200,83,43.0,JavaScript,0.66
ApolloAuto/apollo,1517,9603,9,42.0,C++,0.73
Eugeny/tabby,1710,1022,137,3.0,TypeScript,0.8
nicolargo/glances,3556,403,25,151.0,Python,0.85
elixir-lang/elixir,3885,5586,113,61.0,Elixir,1.0
eslint/eslint,2983,4842,246,87.0,JavaScript,0.99
Seldaek/monolog,3846,592,46,1105.0,PHP,0.97
segmentio/nightmare,2703,251,1,127.0,JavaScript,0.86
AllThingsSmitty/css-protips,2192,45,0,75.0,,0.92
afollestad/material-dialogs,2491,179,92,271.0,Kotlin,0.93
sebastianruder/NLP-progress,1164,435,3,736.0,Python,0.72
dnSpy/dnSpy,2251,53,1,251.0,C#,
felixrieseberg/windows95,1102,17,12,651.0,TypeScript,0.47
goldfire/howler.js,3135,124,24,111.0,JavaScript,0.8
parse-community/parse-server,2040,2762,83,1069.0,JavaScript,0.96
highlightjs/highlight.js,3893,1162,28,94.0,JavaScript,0.97
ClickHouse/ClickHouse,1914,16104,282,7.0,C++,0.84
uglide/RedisDesktopManager,2946,361,76,202.0,C++,0.99
libgdx/libgdx,3306,2302,8,52.0,Java,0.96
onevcat/Kingfisher,2337,509,154,35.0,Swift,0.94
MustangYM/WeChatExtension-ForMac,857,45,46,308.0,Objective-C,0.51
jhipster/generator-jhipster,2869,8461,12,666.0,JavaScript,0.99
xi-editor/xi-editor,1951,651,0,279.0,Rust,0.75
haizlin/fe-interview,865,8,2,13.0,JavaScript,0.01
zhaoolee/ChromeAppHeroes,934,7,0,9.0,JavaScript,0.67
Dreamacro/clash,1176,191,37,13.0,Go,0.97
sharkdp/fd,1573,257,25,221.0,Rust,0.93
vercel/pkg,1847,115,30,341.0,JavaScript,0.91
rwaldron/idiomatic.js,3749,114,0,90.0,,0.62
jorgebucaran/hyperapp,1682,270,26,416.0,JavaScript,0.99
ftlabs/fastclick,3485,67,3,511.0,HTML,0.46
StevenBlack/hosts,3426,344,355,199.0,Python,0.97
judasn/IntelliJ-IDEA-Tutorial,2204,39,0,154.0,,1.0
verekia/js-stack-from-scratch,1792,55,1,204.0,JavaScript,0.75
vercel/swr,671,389,50,58.0,TypeScript,0.9
sirupsen/logrus,2874,387,13,413.0,Go,0.89
gfwlist/gfwlist,2361,0,0,13.0,,0.83
dotnet-architecture/eShopOnContainers,1789,426,9,972.0,C#,0.98
davideuler/architecture.of.internet-product,1217,1,0,183.0,,0.27
Prinzhorn/skrollr,3451,35,0,868.0,HTML,0.69
google/web-starter-kit,2701,234,14,223.0,HTML,0.92
Homebrew/homebrew-cask,3464,89061,81,13.0,Ruby,1.0
tobiasahlin/SpinKit,2817,51,9,896.0,CSS,0.91
Popmotion/popmotion,2569,292,0,1327.0,JavaScript,0.96
notable/notable,981,25,20,50.0,TypeScript,0.61
js-cookie/js-cookie,2355,59,33,485.0,JavaScript,1.0
docsifyjs/docsify,1743,447,11,265.0,JavaScript,0.87
benweet/stackedit,3080,35,13,205.0,JavaScript,0.61
ruby/ruby,4201,1719,0,47.0,Ruby,
TeamStuQ/skill-map,2112,42,2,535.0,HTML,0.19
dhg/Skeleton,3774,25,6,81.0,CSS,0.63
starship/starship,880,1417,94,74.0,Rust,0.79
vuejs/vue-router,2818,583,82,537.0,JavaScript,0.98
drduh/macOS-Security-and-Privacy-Guide,2190,133,0,325.0,Python,0.96
zsh-users/zsh-autosuggestions,2864,104,0,162.0,Shell,0.85
homebridge/homebridge,2463,284,23,62.0,TypeScript,1.0
trekhleb/homemade-machine-learning,1032,2,0,493.0,Jupyter Notebook,0.43
Awesome-HarmonyOS/HarmonyOS,751,15,0,10.0,C,
coder2gwy/coder2gwy,242,2,0,17.0,,0.18
iamadamdev/bypass-paywalls-chrome,1240,123,31,21.0,JavaScript,1.0
ruanyf/jstraining,1767,17,0,384.0,,1.0
viraptor/reverse-interview,721,51,0,0.0,,0.67
ehang-io/nps,1029,71,59,9.0,Go,0.8
dwmkerr/hacker-laws,1312,149,1,55.0,Shell,0.36
osquery/osquery,2588,3765,111,84.0,C++,0.83
v8/v8,2531,0,0,29.0,C++,
rust-lang/rustlings,2175,390,23,161.0,Rust,0.82
google/ExoPlayer,2634,501,13,442.0,Java,0.94
jesseduffield/lazydocker,834,88,28,516.0,Go,0.46
bcit-ci/CodeIgniter,3663,1276,0,260.0,PHP,0.98
alpinejs/alpine,640,332,79,21.0,HTML,1.0
reduxjs/reselect,2251,98,22,42.0,JavaScript,0.9
OWASP/CheatSheetSeries,982,438,0,28.0,Python,0.88
leereilly/games,3524,192,0,335.0,,0.34
tsenart/vegeta,2938,130,63,36.0,Go,0.81
electron-react-boilerplate/electron-react-boilerplate,2295,722,51,325.0,JavaScript,0.97
validatorjs/validator.js,3980,554,8,119.0,JavaScript,0.87
youzan/vant,1593,3499,116,103.0,TypeScript,1.0
palantir/blueprint,1769,1964,110,214.0,TypeScript,0.76
square/picasso,3029,474,7,382.0,Java,0.88
numpy/numpy,4003,7882,71,7.0,Python,0.79
jcjohnson/neural-style,2189,16,0,1394.0,Lua,0.33
libuv/libuv,2829,526,1,27.0,C,0.93
nikitavoloboev/my-mac-os,2004,16,0,721.0,,0.97
mozilla/DeepSpeech,1914,1337,105,56.0,C++,0.95
SnapKit/Masonry,2960,75,1,261.0,Objective-C,0.73
datawhalechina/pumpkin-book,981,43,4,61.0,,0.73
graphql/graphql-js,2252,1913,120,234.0,TypeScript,0.86
dotnet/corefx,2488,21835,100,602.0,,
ruanyf/weekly,1051,43,0,84.0,,0.2
Baseflow/PhotoView,3330,54,5,591.0,Java,0.74
popperjs/popper-core,1979,430,143,49.0,JavaScript,0.98
didi/DoraemonKit,1111,271,4,184.0,Java,0.79
sebastianbergmann/phpunit,4266,744,0,414.0,PHP,0.96
celery/celery,4510,1567,23,258.0,Python,0.9
SnapKit/SnapKit,2642,118,11,264.0,Swift,0.86
envoyproxy/envoy,1847,9728,65,72.0,C++,0.83
jenkinsci/jenkins,3933,4127,122,739.0,Java,
facebookresearch/detectron2,724,0,9,121.0,Python,0.96
PKUanonym/REKCARC-TSC-UHT,877,80,0,366.0,HTML,0.64
alibaba/weex,1997,1087,7,216.0,C++,0.99
winstonjs/winston,3896,361,4,434.0,JavaScript,0.71
DrKLO/Telegram,2865,19,68,112.0,Java,
supabase/supabase,687,585,14,42.0,TypeScript,0.75
microsoft/cascadia-code,781,67,14,55.0,Python,0.87
meilisearch/MeiliSearch,1224,583,54,3.0,Rust,0.93
michalsnik/aos,2243,38,0,63.0,JavaScript,0.58
marmelab/react-admin,1873,2734,201,449.0,TypeScript,0.96
k3s-io/k3s,1186,1159,260,146.0,Go,0.81
nostalgic-css/NES.css,1070,222,7,306.0,SCSS,0.81
ChristosChristofidis/awesome-deep-learning,2431,143,0,71.0,,0.82
coolsnowwolf/lede,1453,1041,1,22.0,C,0.98
apache/skywalking,2122,3186,46,6.0,Java,0.98
wenyan-lang/wenyan,630,166,13,20.0,TypeScript,0.64
zyedidia/micro,1997,486,32,145.0,Go,0.7
sideway/joi,3269,393,0,257.0,JavaScript,0.96
airyland/vux,2022,325,79,337.0,Vue,0.86
PostgREST/postgrest,2634,620,29,302.0,Haskell,0.88
microsoft/api-guidelines,1874,96,0,406.0,,0.54
eligrey/FileSaver.js,3698,65,14,684.0,JavaScript,0.8
adobe-fonts/source-code-pro,3307,47,13,133.0,CSS,0.75
rancher/rancher,2487,6311,737,806.0,Go,0.92
Kong/insomnia,1954,1032,168,10.0,JavaScript,0.79
wekan/wekan,2777,746,259,106.0,JavaScript,0.77
BoostIO/BoostNote-Legacy,2002,1073,15,83.0,JavaScript,0.81
microsoft/ML-For-Beginners,179,163,0,54.0,Jupyter Notebook,0.86
forem/forem,1750,9148,0,565.0,Ruby,0.9
npm/npm,4352,439,261,1050.0,,0.88
eggjs/egg,1898,964,83,367.0,JavaScript,0.95
deezer/spleeter,703,41,1,361.0,Python,0.85
fish-shell/fish-shell,3398,1203,33,336.0,Shell,0.93
n8n-io/n8n,799,1050,0,38.0,TypeScript,0.93
google/eng-practices,725,8,0,46.0,,0.57
bazelbuild/bazel,2635,48,113,43.0,Java,0.76
n0shake/Public-APIs,2055,328,0,206.0,,0.95
redisson/redisson,2787,284,98,240.0,Java,0.94
remoteintech/remote-jobs,2147,828,0,144.0,JavaScript,0.82
ryanhanwu/How-To-Ask-Questions-The-Smart-Way,2346,75,0,80.0,JavaScript,0.73
Micropoor/Micro8,923,2,0,78.0,,0.69
alibaba/Sentinel,1243,399,18,150.0,Java,0.81
neoclide/coc.nvim,1216,470,80,14.0,TypeScript,0.99
InterviewMap/CS-Interview-Knowledge-Map,1259,60,0,373.0,,0.72
facebook/flux,2597,180,2,1309.0,JavaScript,0.96
DIYgod/RSSHub,1245,4091,226,24.0,JavaScript,0.89
FelisCatus/SwitchyOmega,3369,7,51,179.0,CoffeeScript,0.77
bitcoinbook/bitcoinbook,2940,431,3,60.0,Python,0.89
phoenixframework/phoenix,2778,1846,20,73.0,Elixir,1.0
ray-project/ray,1769,8692,47,18.0,Python,0.79
SpaceVim/SpaceVim,1707,2109,18,67.0,Vim script,0.95
microsoft/CNTK,2103,257,32,1143.0,C++,0.77
uikit/uikit,2964,197,203,433.0,HTML,0.83
julianshapiro/velocity,2699,54,18,76.0,JavaScript,0.95
Pierian-Data/Complete-Python-3-Bootcamp,1294,11,0,37.0,Jupyter Notebook,0.66
qianguyihao/Web,1699,0,0,32.0,JavaScript,0.75
facebook/hhvm,4257,89,15,566.0,C++,0.9
nuysoft/Mock,3047,7,14,100.0,JavaScript,0.34
coreybutler/nvm-windows,2535,48,15,445.0,Go,0.72
dennybritz/reinforcement-learning,1831,58,0,345.0,Jupyter Notebook,0.41
academic/awesome-datascience,2612,206,0,557.0,,1.0
swoole/swoole-src,3326,1235,216,1362.0,C++,0.98
PHPMailer/PHPMailer,3659,363,49,190.0,PHP,0.99
statelyai/xstate,2176,799,106,1043.0,TypeScript,0.86
HelloZeroNet/ZeroNet,2421,388,22,92.0,JavaScript,0.68
1c7/chinese-independent-developer,1438,107,0,309.0,,0.97
nocodb/nocodb,1400,91,18,31.0,Vue,0.67
apache/flink,2640,4665,0,18.0,Java,
chalk/chalk,2948,86,20,2.0,JavaScript,0.99
google/flexbox-layout,1943,246,25,1418.0,Kotlin,0.71
tmrts/go-patterns,2085,10,0,214.0,Go,0.44
ShareX/ShareX,2882,641,69,40.0,C#,0.92
locustio/locust,3846,445,53,2.0,Python,0.98
magenta/magenta,1942,931,47,104.0,Python,0.67
mojs/mojs,2621,44,19,124.0,CoffeeScript,0.81
websockets/ws,3581,460,78,342.0,JavaScript,1.0
recharts/recharts,2214,318,0,543.0,TypeScript,0.89
go-delve/delve,2658,1105,13,1.0,C,0.92
prisma/prisma1,1799,1358,182,742.0,Scala,0.86
Awesome-Windows/Awesome,1917,206,0,60.0,,0.77
nektos/act,970,246,33,95.0,Go,0.88
nostra13/Android-Universal-Image-Loader,3563,51,0,32.0,Java,0.64
nosir/cleave.js,1929,132,66,657.0,JavaScript,0.68
yewstack/yew,1352,938,27,326.0,Rust,0.86
ageron/handson-ml2,964,53,0,1.0,Jupyter Notebook,0.65
pytorch/examples,1831,281,0,368.0,Python,0.5
defunkt/jquery-pjax,3837,81,11,891.0,JavaScript,0.88
kelthuzadx/hosts,2613,286,2,500.0,Rascal,1.0
mxgmn/WaveFunctionCollapse,1794,18,0,771.0,C#,1.0
zhiwehu/Python-programming-exercises,3363,0,0,3.0,,0.15
norvig/pytudes,1642,47,0,71.0,Jupyter Notebook,0.54
angular/material,2616,912,14,1238.0,JavaScript,0.97
crystal-lang/crystal,3197,3870,88,531.0,Crystal,0.82
google/flatbuffers,2659,1243,18,38.0,C++,0.93
JacksonTian/fks,3238,81,0,810.0,JavaScript,0.57
jumpserver/jumpserver,2613,2565,89,1409.0,Python,0.97
jitsi/jitsi-meet,2813,4173,29,165.0,JavaScript,0.92
vadimdemedes/ink,1539,155,41,2.0,TypeScript,0.78
mysqljs/mysql,4049,109,0,40.0,JavaScript,0.92
apollographql/apollo-client,2011,3617,7,43.0,TypeScript,0.91
less/less.js,4208,438,32,122.0,JavaScript,0.95
facebook/fresco,2372,81,44,194.0,Java,0.93
asim/go-micro,2420,1207,88,135.0,Go,0.96
reactnativecn/react-native-guide,2333,48,0,528.0,,0.95
jaywcjlove/linux-command,1751,155,9,582.0,HTML,0.68
CarGuo/GSYVideoPlayer,1750,25,26,136.0,Java,0.99
MLEveryday/100-Days-Of-ML-Code,1120,45,0,40.0,Jupyter Notebook,0.85
spf13/viper,2706,171,14,11.0,Go,0.48
reduxjs/redux-thunk,2239,50,12,255.0,JavaScript,0.97
svg/svgo,3294,330,46,305.0,JavaScript,0.82
LingCoder/OnJava8,1013,440,0,613.0,,0.99
telegramdesktop/tdesktop,2676,818,518,332.0,C++,0.93
alibaba/ice,1760,2390,52,437.0,TypeScript,0.95
dgraph-io/dgraph,2196,4206,98,142.0,Go,1.0
nothings/stb,2653,276,0,302.0,C,0.91
elastic/kibana,3137,65692,56,584.0,TypeScript,0.77
wesbos/JavaScript30,1726,144,0,379.0,HTML,
urfave/cli,2969,506,23,1179.0,Go,0.92
jtoy/awesome-tensorflow,2010,109,0,229.0,,1.0
philc/vimium,4361,585,0,253.0,JavaScript,0.7
dracula/dracula-theme,2863,83,24,63.0,,0.89
ElemeFE/mint-ui,1930,297,11,11.0,Vue,0.81
adam-golab/react-developer-roadmap,1170,26,0,69.0,JavaScript,0.47
framework7io/framework7,2744,425,142,1437.0,JavaScript,0.96
basecamp/trix,2950,114,31,391.0,CoffeeScript,0.94
PaddlePaddle/Paddle,1840,16167,47,404.0,Python,0.84
react-dnd/react-dnd,2506,1337,132,151.0,TypeScript,0.83
luong-komorebi/Awesome-Linux-Software,1849,399,0,21.0,Python,0.9
twitter/typeahead.js,3113,106,0,877.0,JavaScript,0.69
openssl/openssl,3148,109,0,50.0,C,0.8
alsotang/node-lessons,2520,27,0,1321.0,JavaScript,0.35
hwdsl2/setup-ipsec-vpn,2061,21,0,203.0,Shell,1.0
linlinjava/litemall,1256,89,8,76.0,Java,0.91
jsdom/jsdom,4240,741,28,388.0,JavaScript,0.82
elunez/eladmin,989,55,6,73.0,Java,0.96
codex-team/editor.js,2101,632,19,54.0,TypeScript,0.61
python-telegram-bot/python-telegram-bot,2245,780,83,68.0,Python,0.98
open-mmlab/mmdetection,1103,1354,16,100.0,Python,0.94
rome/tools,556,1021,12,1149.0,TypeScript,0.82
kdeldycke/awesome-falsehood,1816,63,0,441.0,,0.91
dotnet/core,2476,1293,142,7.0,Shell,0.92
typicode/lowdb,2706,65,23,3.0,JavaScript,1.0
handlebars-lang/handlebars.js,4047,303,0,223.0,JavaScript,0.93
mybatis/mybatis-3,3118,796,34,1348.0,Java,0.89
jamiebuilds/react-loadable,1634,105,0,729.0,JavaScript,
nickbutcher/plaid,2130,368,0,615.0,Kotlin,0.79
yuzu-emu/yuzu,1334,4158,0,31.0,C++,0.67
python-poetry/poetry,1278,737,102,94.0,Python,0.67
sindresorhus/quick-look-plugins,2822,24,0,139.0,,0.89
sudheerj/reactjs-interview-questions,1186,77,0,10.0,JavaScript,0.93
shuzheng/zheng,1790,10,0,760.0,Java,0.65
facert/awesome-spider,1794,38,0,32.0,,0.44
photoprism/photoprism,1310,151,19,15.0,Go,0.77
arendst/Tasmota,1674,2912,89,13.0,C,1.0
lutzroeder/netron,3899,1,2,21.0,JavaScript,0.97
microsoft/MS-DOS,1161,34,0,49.0,Assembly,0.94
statsd/statsd,3895,299,0,43.0,JavaScript,0.83
diem/diem,880,3022,0,769.0,Rust,0.77
firecracker-microvm/firecracker,1410,1283,48,573.0,Rust,0.84
Tencent/tinker,1818,70,42,263.0,Java,0.72
hubotio/hubot,3655,508,9,339.0,JavaScript,0.9
ibraheemdev/modern-unix,229,8,0,13.0,,0.25
Kotlin/anko,2537,100,26,25.0,Kotlin,0.62
jashkenas/coffeescript,4272,851,0,442.0,CoffeeScript,0.99
processing/p5.js,3106,1860,77,128.0,JavaScript,0.95
shieldfy/API-Security-Checklist,1513,94,0,223.0,,0.61
pubkey/rxdb,1731,2523,76,49.0,TypeScript,0.99
taosdata/TDengine,780,4967,26,347.0,C,0.83
jdg/MBProgressHUD,4473,98,0,239.0,Objective-C,0.85
facebook/relay,2211,107,65,185.0,JavaScript,0.84
dropzone/dropzone,3486,74,41,398.0,JavaScript,0.97
forezp/SpringCloudLearning,1604,0,0,21.0,Java,0.25
valyala/fasthttp,2142,270,35,434.0,Go,0.95
SortableJS/Vue.Draggable,1888,52,52,717.0,JavaScript,0.88
iview/iview-admin,1444,90,30,1030.0,Vue,0.53
dianping/cat,3189,872,0,253.0,Java,0.88
reddit-archive/reddit,4820,18,0,418.0,Python,
preservim/nerdtree,4920,289,0,448.0,Vim script,0.99
rough-stuff/rough,1720,51,15,45.0,TypeScript,0.83
vnpy/vnpy,2372,893,43,164.0,C++,0.99
oracle/graal,2054,627,32,6.0,Java,0.73
mpv-player/mpv,3242,1026,78,175.0,C,0.92
visionmedia/superagent,3791,404,65,36.0,JavaScript,0.85
dvajs/dva,1892,201,35,139.0,JavaScript,0.99
